t,yhat
361,-0.1521568448736129
362,0.5428783566750803
363,0.25518810598266495
364,-0.027893886169612
365,-0.26290042434633804
366,0.13884172695008629
367,-0.5650429044145693
368,-1.017142379616915
369,0.4176308232603697
370,-0.30631669762836977
371,-0.06565620802004578
372,0.3302453478214333
373,0.6640241291068014
374,-0.1345075520407253
375,1.4419669115071188
376,-0.6779090749038625
377,-0.709349249945598
378,-0.298762206043015
379,-0.47557396570652133
380,-0.11997675760106047
381,0.23679662985801467
382,0.26636624048436297
383,-0.47340122701515563
384,0.2085182779182778
385,-0.3931153919318528
386,0.6187854847906772
387,-0.019132269559667008
388,-0.3863669874161015
389,-0.059816057663704486
390,-0.4970416891879815
391,0.3965041288862398
392,0.5698494504364705
393,-1.1102496578942265
394,0.6555668377071316
395,-1.3670299263453423
396,0.1955437420548467
397,-0.08987259184808939
398,-0.5656943047728009
399,-0.13468344715587577
400,-0.04738674296482724
401,1.0580352324239668
402,-0.1273847788118902
403,0.8504544606954834
404,-0.6715396776502562
405,-0.561418717512318
406,0.06861920982176503
407,-0.11376011880555563
408,-0.476674778331979
409,-0.01974925080503625
410,-0.32669180403749476
411,-0.3092056155449885
412,0.5346221522991073
413,0.23052826992547557
414,0.0635898173453514
415,-0.525348676897823
416,-0.6457944144573412
417,0.62320836193959
418,0.534297658421783
419,0.7381597884946143
420,0.32481276306556883
421,-0.4442895601430879
422,-0.989706791683262
423,-0.26563906618819044
424,0.16382502291292841
425,1.062764261349627
426,-0.18815231631311477
427,0.773514133770169
428,0.8946925791056116
429,-0.3758234154598201
430,0.973610198938681
431,1.0558731033666593
432,-1.049823478455298
433,0.14425694482453383
434,0.2497678937547729
435,-0.2116549609307739
436,-0.05460238072210724
437,0.29642273685253684
438,0.06598292624688314
439,-0.6476635906151881
440,-0.26219024893268045
441,0.7415041579812314
442,-0.9605443382464772
443,-0.24856816151280256
444,-0.4216705100090974
445,-1.2372626023326856
446,0.15026202102840555
447,-0.9749675335003731
448,0.1526425496165596
449,-0.5938145473356551
450,0.5718491336462451
451,0.035319376097188174
452,0.46571553941756394
453,-0.7087921030253008
454,-0.5214399811224818
455,-0.2808922062048349
456,0.5607865075079689
457,-0.011770563404725777
458,0.12960502495329831
459,0.045673143487888306
460,0.2271624545778318
461,-0.8088227975709801
462,-0.35463374082556626
463,0.3081050043953135
464,-0.54097014084063
465,-0.2042009136473892
466,-0.4273262082417718
467,0.5600742590665209
468,-0.16864488201709169
469,0.18045072778672044
470,-0.3756939378825102
471,0.10767156218158036
472,-0.2561939138345396
473,-0.026715229094156877
474,-0.5058391260548695
475,-0.006771919269364301
476,-0.07919604673566034
477,0.0969978502028652
478,0.34167725006179167
479,-0.28587313348125765
480,0.1491505565999963
481,-0.1798665480478994
482,-0.7045693316623338
483,0.5035975182268115
484,0.763114247436105
485,0.7691161566567116
486,0.0987450313560413
487,-0.0519811471173437
488,0.5068569789542386
489,-1.3338215943223521
490,-0.38304275935737375
491,0.02668583401979158
492,0.9462655450055834
493,-1.0465948316154392
494,0.6384270653606804
495,0.022226490102634312
496,-0.2580665777815805
497,0.19382778317676425
498,0.5383055752946646
499,-1.2110442124418372
500,0.8832438734028056
501,-0.4129620726403101
502,0.42906123886160874
503,-0.7029547011802834
504,-0.24675615040665883
505,0.25646499045334836
506,-0.4454824951708459
507,0.45551670319209175
508,-1.5597977719033413
509,-0.004387160736073951
510,0.04006619570251835
511,-0.15959333799769143
512,1.0464814740041024
513,-0.9024578058086374
514,0.6439264342009364
515,0.3636930757399917
516,0.17478207438079948
517,-0.18796505189245438
518,-0.441606214831534
519,-0.21732198156075058
520,0.4395471247919473
521,0.009996033335181826
522,-0.2634749963127225
523,0.15386984376553606
524,-0.42988701654647143
525,1.1499967450087722
526,-0.39069315989442616
527,0.7585113550048307
528,-1.1809639270063144
529,0.7693369245225572
530,0.08433045921506158
531,0.6246629653964051
532,0.045057760963758846
533,0.15076496540302184
534,-0.5902940546053984
535,-1.2524372849872396
536,1.249848922385685
537,-0.3682316550832482
538,0.23533099183538944
539,0.29454812847644896
540,-0.34145377807352806
541,-0.48167921803333014
542,0.8725575458021246
543,0.6108935333770322
544,-0.5036435136972583
545,-0.06857457054051587
546,0.46985505672423344
547,0.8367078827253751
548,-0.10963378685755877
549,-0.016441473830118496
550,0.3563598751015411
551,-0.0812584245772382
552,0.5936341314120417
553,-0.22384664082232686
554,-1.1149313961851812
555,-0.21096159816265175
556,-0.17771978911060374
557,1.022043767471319
558,0.030099089960107687
559,-0.42764721484093643
560,-0.674638526596805
561,-0.17898360235783764
562,-0.42474007843011236
563,0.3224848662412827
564,-0.9513499467447367
565,-0.15711648398570646
566,-0.0593641109816753
567,-0.356144157821855
568,-0.44184637946511357
569,0.39071154387394236
570,0.2304602600743155
571,-0.48629941853496533
572,-0.5636745942958501
573,-0.4037594345383061
574,0.6412792965788311
575,-0.025557064616091456
576,0.27882765375119156
577,0.7211898802524382
578,0.22512256382744192
579,0.745126672415599
580,-0.1651412938975729
581,-0.33318094454178926
582,0.021112662008425775
583,-0.2600902869122485
584,0.37932898625874945
585,0.6255156715765697
586,0.18015840371490002
587,0.30611118141325716
588,-0.3200632100725523
589,0.6830700069907049
590,-0.12972814709491406
591,-0.4671075293688361
592,-0.07247124488339064
593,-0.34548013059861915
594,-0.1308588641277803
595,0.07335647955874065
596,-0.1995370328776589
597,0.028705481393031335
598,-0.16732485147479323
599,-0.4696795040864743
600,0.7603150544477187
601,0.25845679629108226
602,-0.41064197592051666
603,-0.3848559140065069
604,-0.21455568625649857
605,0.6730540042820568
606,0.5697548618297508
607,0.7816984331216311
608,-0.7138246969817996
609,0.9834262487677149
610,-0.09864075691129168
611,-0.10526360365964109
612,0.34418826566244715
613,-0.14509680237799163
614,0.14481894105839174
615,0.7007568319617993
616,-0.31860302072171137
617,0.8081811296868824
618,-0.362697460510286
619,-0.41605691978113823
620,0.0910569910110332
621,0.10367198367519731
622,-0.5721644824616274
623,0.32207021284491955
624,0.39995122149134743
625,0.7264207133863042
626,-0.11680157679112353
627,-0.6320731812584212
628,0.30942915904179136
629,-0.3004240646281237
630,0.46888450640659557
631,0.97875485892581
632,-0.7182973620473823
633,0.02944523991010379
634,-0.4707742701255659
635,-0.3982252872734193
636,0.5789838088565653
637,-0.14330713253711916
638,0.405875764899708
639,-1.0761751511165567
640,-0.7747179904994932
641,-0.12195740687596567
642,-0.06528170859218536
643,0.3021080469149193
644,0.953408634266077
645,-0.7693447520998208
646,0.21413428622024672
647,-0.3666558269531252
648,-0.981409724379339
649,-0.31691822149275584
650,-0.11682146345718532
651,0.7933489239757285
652,0.2229942202837378
653,0.713603672959223
654,0.3510720789321417
655,0.0189342579278148
656,-0.2189862127062225
657,0.3963685692934364
658,-0.08218325870887758
659,0.3922378178901576
660,-0.5401084819921506
661,-0.22700852355365864
662,-0.08307938292738717
663,0.5312167467634827
664,-0.8788191536605716
665,-0.06773271627019208
666,0.1927088457420524
667,0.07165671412843257
668,0.1055529243979846
669,-0.0787184839523382
670,-0.06504014854322285
671,0.28245691949220064
672,-0.1772823411215165
673,-0.17752066550874684
674,-0.3152260087165652
675,-0.435939980100336
676,-0.36236801196957563
677,-0.14437413639782345
678,-0.07247092769384234
679,0.4387118189589548
680,-0.02509670664504928
681,-0.01878098397528161
682,0.2393994980124854
683,0.38523666096420545
684,-0.3045367865032906
685,-0.3223889790219067
686,0.13025478630338164
687,-0.6559976978744017
688,0.10577241478226251
689,0.519649760549378
690,-0.6348129271252467
691,0.1752064854589978
692,-0.292336794548913
693,0.22658281598456856
694,0.08335974244133339
695,-0.32822990630517856
696,0.7863605986690037
697,-0.22200758604355114
698,0.30599941735829794
699,0.23611171481028637
700,0.4065730533617031
701,-0.3177255372220965
702,0.19189160791891804
703,-0.27728144644702635
704,0.054815272999006424
705,0.6060895164740568
706,0.09786311686904309
707,-0.13216021012574103
708,-0.03056370723619777
709,0.22705928423632052
710,-0.3881629091419974
711,-0.16947606100487905
712,-0.517466612839402
713,-0.7998280996662271
714,0.11612870521260749
715,0.3506937706915406
716,0.004172914122736859
717,0.03591439247655082
718,-0.2995942022806018
719,-0.40455070756104006
720,0.32355615782908703
721,-0.5782200484781543
722,0.049436644010803193
723,0.39156054822540776
724,0.4719693311572987
725,-0.5222666146606215
726,-0.6476814595487468
727,0.7741644927397279
728,-0.5405265774871633
729,0.3788130281888003
730,0.23149356922669126
731,-0.49101988408966013
732,-0.3526954988176639
733,0.18198430883312378
734,-0.08873197628664038
735,0.4463680344824915
736,0.6362361904030343
737,-0.134406915734276
738,-0.18422950403969804
739,-0.1547740890297146
740,-0.7980652182603346
741,0.451546300344804
742,-0.6578253595477057
743,0.6803032350864118
744,0.026423969811861778
745,-0.9717288253145129
746,-0.4712513884302543
747,0.042926628237929705
748,0.12134843816177224
749,-0.9132354443477739
750,0.29735338427647806
751,-1.0789855785246572
752,-0.19141706917022075
753,0.29425845315673277
754,-0.861768558234726
755,0.6761584347272566
756,-0.5340363178205716
757,0.010322041619547391
758,-0.5437023331587234
759,0.23612500054858457
760,-0.1142306850927846
761,-0.762090731726984
762,0.24523482624200624
763,0.6492513527414375
764,-1.27010793172262
765,-0.00590716362937861
766,-0.3574541608713807
767,-0.07609629776179995
768,-0.15873830669802896
769,-0.04719546171677009
770,0.30603999197423803
771,0.10878239759500836
772,-0.45866516690510495
773,0.051264589007860184
774,0.15105130215559065
775,0.2838776596579909
776,-0.3719075396534102
777,-0.7230766630008847
778,0.6157037404087355
779,-0.6683606061853375
780,-0.3039706153370614
781,0.5504548011637317
782,0.5590905232394929
783,-0.05588315528040859
784,0.30836685618805537
785,0.20077751585112658
786,0.36998720917797817
787,-0.16203988188271198
788,-0.49974866906301935
789,-0.32662303879577004
790,0.22745834865742237
791,0.06618736617476349
792,0.7494139374234547
793,0.26840525649682023
794,-0.11616081858080038
795,0.11181726288209132
796,-0.11809511767166786
797,-0.3421833257099826
798,-0.34571475234834187
799,0.10343017422585887
800,-0.4233035327082745
801,-0.17327875776265136
802,0.3895558128231433
803,0.3673004431045519
804,-0.07150306924565737
805,-0.01804649257091622
806,0.5283596887632422
807,0.16073680584989986
808,-0.20892593887056712
809,0.596201545644358
810,-0.40870013623410395
811,-0.13934164883034758
812,-0.14759368394805178
813,0.025817588297958206
814,0.2646052779860507
815,0.3123711261100379
816,-0.05420247748753359
817,-0.3360392978215206
818,-0.10972748890460592
819,-0.5089210597382208
820,-0.0290465695184341
821,-0.19078677570765984
822,-0.6956871904662746
823,0.47798889896434776
824,0.23769148086032904
825,0.1495940021398919
826,0.036626147218044657
827,-0.1894653965905033
828,-0.005521948264641067
829,-0.16792414609817208
830,-0.11285882573250584
831,0.6932992830502281
832,-0.8255980511022523
833,-0.02231124826279995
834,0.601706425820818
835,-0.0974199883718521
836,0.7080091077533112
837,-1.2901288654103047
838,-0.8357350707762307
839,0.2101232374672678
840,0.2816169452920679
841,-0.448034756364627
842,0.6152823304977874
843,-0.4603207953187733
844,-0.5111025436302795
845,0.017660824192533134
846,0.055633810422863
847,-0.5732841804251163
848,-0.031739382075217024
849,0.6849011466227903
850,-0.3957628826637357
851,0.4636516027322612
852,-0.1522930948858345
853,-0.07737836821332686
854,0.45656959316840234
855,-0.6867919024402326
856,0.6435372388074456
857,-0.2827719339472243
858,0.0559999830372011
859,-0.40504991524761935
860,-0.3864460397021858
861,-0.07471997136749141
862,1.177589875818161
863,-0.014327791271709108
864,-0.4425199095447484
865,-0.21029467151516562
866,0.48881840589522924
867,0.5785593891732005
868,-0.006624592686816793
869,0.14977749475994237
870,0.3153594487571019
871,-0.1705965931436793
872,0.2030380594975945
873,-0.3479094763160275
874,-0.4196607668077463
875,0.5433839107282521
876,-0.34891791761470836
877,1.2924440955909693
878,0.12199737234846653
879,0.511493586017473
880,-0.5679884296885561
881,-0.6938775688199557
882,-0.6218685093836194
883,0.4135859707839304
884,0.031965075424149815
885,0.653978731764544
886,0.5186432296205571
887,0.37118307007658385
888,-0.44319111812477074
889,-0.06444669004463922
890,0.05726761643562282
891,0.1465581565720776
892,0.34629501091527215
893,0.5110196335488614
894,1.1321476619840618
895,0.6613319470659744
896,0.5471133828471118
897,-0.11589676492718014
898,0.5805992202671924
899,0.9581983221700037
900,0.02963455680242895
901,0.5331611608411172
902,-0.018154790880852333
903,-0.6028218021842928
904,-0.29073192290740485
905,0.26565083182642435
906,-0.7567303367038364
907,-0.006102960013009983
908,0.22864755697733372
909,-0.6696633220827058
910,0.22200164051705867
911,-0.6088739317701353
912,-0.07677988725804433
913,0.12431378134645212
914,0.3895632894565337
915,-0.04947072997132883
916,0.7914583844677242
917,0.2784218667136616
918,-0.39196036270625323
919,-0.28417508830031774
920,-0.042837000004429804
921,0.44665465145303784
922,-0.03991618678483887
923,-0.540664014530496
924,0.6345886597775025
925,0.6777911932051442
926,-1.1320473597247087
927,-0.4332479459365857
928,0.4946634158517956
929,0.2951005128238963
930,-0.40974266134974
931,-1.1621640481046562
932,0.018633532360118703
933,-0.4725457144671884
934,-0.0340542996076036
935,0.8361026624047017
936,0.9699287533768542
937,-0.047605697414066
938,0.17270951594397452
939,0.4487886120114678
940,-0.2415331509050404
941,-0.0957600120312914
942,0.740666483430548
943,0.5365376603517651
944,0.1082570242583328
945,-0.21420994050976572
946,-0.015045527760432649
947,0.7023977424921494
948,0.5009654606955223
949,0.33569549628483814
950,-0.35942071475178883
951,-0.08257546036491509
952,0.6866997868722563
953,-0.16792299473515773
954,-0.42120242021401977
955,0.033304721312752306
956,0.05203095861921216
957,-0.741240024817789
958,0.08237049682881342
959,-0.17554595859312952
960,-0.6853250219328155
961,-0.23972903075970173
962,-0.6824675183219856
963,0.9466657968987561
964,0.37004868897020843
965,0.6264428657484629
966,0.6445152694936197
967,0.005569246452642215
968,-0.3642849568910458
969,-0.6862888590309641
970,-0.557149493941341
971,-0.5214799805378267
972,1.0797866692128308
973,0.1739602501300176
974,0.7084946278207114
975,0.23573236386465266
976,0.9453444548317368
977,-0.4087795339958875
978,-0.44856766636749795
979,0.2063445343233414
980,-0.9182097720038875
981,0.792041267737827
982,-0.6956856915337506
983,0.6586855307298545
984,0.1823581031612335
985,0.507961459937096
986,0.9582392501375833
987,-0.11850305297149949
988,-0.39909607020023163
989,0.21026235199834112
990,0.4112678943636224
991,-0.3712004544975068
992,-1.344818814402211
993,0.2239361538220171
994,0.03166676602896785
995,0.5417748388042211
996,0.486010562599327
997,-0.6427542162276607
998,0.575184015699282
999,-0.564738455369576
1000,0.23504926870227083
1001,-0.14116723148119914
1002,0.879542388225871
1003,-0.9491294119605275
1004,-0.7565677517381231
1005,0.4637599948216942
1006,-0.946696016571269
1007,-0.03725787961872132
1008,-0.7402307759246557
1009,0.6957583689970557
1010,0.034148578992656074
1011,-0.7449993361165695
1012,0.3493575477022946
1013,-0.5976455515071661
1014,-0.902561145552392
1015,0.3468003012344728
1016,0.08274159651444517
1017,-0.16548766820968702
1018,-0.6528025926308244
1019,0.6272931519011171
1020,0.27274997015087693
1021,-0.621428711334948
1022,-0.05889847973290619
1023,0.9688279087031311
1024,0.30053926587140484
1025,-0.6139829761162423
1026,0.17256671454580882
1027,-0.4275226390833385
1028,0.5383823933588389
1029,0.18838409879279078
1030,0.38203852443948316
1031,-0.6803078552402452
1032,-0.10007948371655752
1033,-0.5072552182074266
1034,0.36478528674979616
1035,-0.2863031342559574
1036,0.3700626577195165
1037,0.0046148583237248615
1038,0.4918177448747073
1039,-0.5026351370831206
1040,-0.10985774989041687
1041,1.0059682477877243
1042,-0.33440615693144127
1043,0.24824483595097988
1044,0.19761732051714478
1045,-0.19364739214685647
1046,0.16861165025203467
1047,0.4949043421669026
1048,-0.27467005794162525
1049,0.3506035045257617
1050,0.18393505669015942
1051,0.19352366610131544
1052,-0.9101955960093921
1053,-0.19137617830556336
1054,-0.15724688583037996
1055,-1.5596581834824255
1056,1.0475010731962837
1057,-0.5768054040894535
1058,0.1596623626717872
1059,0.7949007153677697
1060,1.0516774415680399
1061,0.1472255804418042
1062,0.6487613251443404
1063,-0.17124164222107624
1064,-0.6255181253135436
1065,0.22276034695932745
1066,-0.13690754780608871
1067,-1.0680369649473038
1068,0.26885871605325307
1069,-0.9494822742250011
1070,-0.005180134182989622
1071,-0.9508961339933883
1072,-0.03272328145343434
1073,-0.14516183547450506
1074,-0.15461886019026308
1075,0.05765078039204806
1076,-0.3752787679312994
1077,0.04237318806718069
1078,-0.45830019769894265
1079,0.5229337007638653
1080,0.8475408878816308
1081,-0.09997130273090338
1082,-0.6378323562431317
1083,0.49879904525284324
1084,0.4459393003118558
1085,0.6930755225423866
1086,0.2794214757896955
1087,0.3021319991403017
1088,-0.14621189615132646
1089,-0.17336114217334442
1090,-0.47195169835731565
1091,-0.21918208471229209
1092,-0.6895084062303033
1093,0.17649013083838488
1094,0.6822777928125581
1095,-0.8633066805585146
1096,0.456300783404568
1097,0.38640726761391087
1098,-0.14403721265350547
1099,-0.19953882106047344
1100,-0.6654691083419553
1101,0.983815436746352
1102,-0.5475175883009645
1103,-0.5340462870476327
1104,0.16795274590498954
1105,-0.4415486797832174
1106,-0.15707941731205544
1107,-0.4580009813170928
1108,-0.3009419978232366
1109,-1.2041812200264632
1110,-0.9810910710706842
1111,0.18812616433575544
1112,-0.7334049445505348
1113,-0.55370089499785
1114,-0.02622865346329155
1115,-0.37287921718343253
1116,0.28522630861751147
1117,0.917536586476601
1118,0.05888483004048588
1119,0.5711987388404676
1120,-0.24519250713080804
1121,0.4345868344632638
1122,0.8191065160448588
1123,0.4642753663189971
1124,-0.4675481627910217
1125,-0.10465989491740485
1126,0.8079128596709997
1127,0.3211473460996191
1128,-0.22996180716941172
1129,0.0733304851274768
1130,-0.6013322223440032
1131,0.9662583959463357
1132,0.7031827115107343
1133,0.6452329104543342
1134,0.20815731906670368
1135,-0.9654675764676559
1136,0.5936771448101417
1137,0.289574325971593
1138,0.06529361536638438
1139,-0.3201747708541292
1140,0.18369077342508272
1141,-1.1069834764475566
1142,-0.05463772599492912
1143,-0.018236149427538092
1144,0.2702479652524133
1145,0.6152235607235453
1146,-0.4455934566064551
1147,-0.13921660955914067
1148,-0.1867582904426273
1149,-0.6323314306876309
1150,-0.5238463174472812
1151,-1.4651685899893252
1152,-0.39866787338417775
1153,-0.7030610980738493
1154,-0.7795367132387148
1155,-0.4883401017509994
1156,1.0092226330089782
1157,-0.2514310060295559
1158,-0.07268478725892036
1159,0.806743481124253
1160,-0.18347731525194313
1161,0.27249334004304526
1162,-0.23501655259218013
1163,-0.6101671733899969
1164,0.4728772961013567
1165,0.09751171662315804
1166,-0.37527939075553035
1167,0.03334845244999708
1168,-0.22482219469930464
1169,0.0102067628452223
1170,-0.5788288004015534
1171,0.42787187938994614
1172,-0.04318622905730818
1173,0.3692662007673669
1174,0.9410523663604867
1175,0.5222619505610318
1176,-0.7937120981422434
1177,0.29129189737137906
1178,-1.1272273539494313
1179,0.2838051837347045
1180,0.08213468928054288
1181,0.2950274472848905
1182,-0.10553461022925793
1183,-0.5142522278529841
1184,0.12931117995906805
1185,0.22039561316088885
1186,-0.7895406162184769
1187,-0.028343087215178718
1188,-0.3755133334710666
1189,0.36987939901280126
1190,0.18374595076460276
1191,-0.10194182763627649
1192,0.15843837631764823
1193,-0.39244168041389665
1194,0.2816870029284671
1195,-0.7332062101751321
1196,-0.13324326426508173
1197,-0.8245149085451344
1198,0.5391634485030484
1199,0.933650143824543
1200,-1.0769703719362647
1201,-0.3168463204800154
1202,0.48808092063546565
1203,0.04007713780244374
1204,0.6335376859834884
1205,-0.8223966366984892
1206,-0.04923920500095499
1207,0.753893105741873
1208,-0.08864736291666511
1209,-0.2824025828326898
1210,-0.26306176129658515
1211,0.6912143596183832
1212,0.09154275923546153
1213,0.4424353206709757
1214,-0.3320386635625696
1215,0.44873736894632915
1216,-0.08948152845500452
1217,-0.3510312377633926
1218,-0.3854182155430039
1219,-0.2273396464735866
1220,-0.6168709019616915
1221,-0.3410186842710879
1222,-0.07133944437017281
1223,0.0927085577661012
1224,0.2509388276309919
1225,-0.046982796612409145
1226,-0.2789681438086863
1227,-0.42218384531930186
1228,0.020033171995459727
1229,-0.869191714495952
1230,-0.7380161767554138
1231,0.2886294990750073
1232,-1.6256918802491913
1233,-0.21948538395092743
1234,-0.582443066083773
1235,-0.7519975891872216
1236,-1.121601345799754
1237,-0.27750342631282326
1238,-0.04998593300953116
1239,-0.7110207853267289
1240,-0.9733362043842062
1241,-0.17161866070018744
1242,0.05279080740741799
1243,-0.4368185717951825
1244,0.24137185432138322
1245,0.9676731029899557
1246,0.4789187062550365
1247,-0.20230998568114278
1248,-0.32759527826105245
1249,0.2560269684724155
1250,0.2816637294482265
1251,0.1777447517240387
1252,-0.33589685302828665
1253,0.7662766897406941
1254,0.6566464943038403
1255,-0.883040193632707
1256,0.2746339639950507
1257,0.3062069663266545
1258,-0.5037348329735328
1259,0.25441793213865915
1260,0.09996477103190068
1261,0.8525806856900577
1262,-0.6080205079533075
1263,-0.154331614168116
1264,-0.34661834256480545
1265,0.6344715774533934
1266,0.600974660960252
1267,-0.5471957262346231
1268,0.6694320787101062
1269,-0.4836020892947203
1270,0.506915847658365
1271,0.16621389769809508
1272,-0.009661935481554985
1273,-0.1728836116443845
1274,0.5942181520841779
1275,0.10494060399735489
1276,-0.9325144206782483
1277,0.002269060999313945
1278,-0.44354721107122863
1279,-0.2432133574943144
1280,-0.33841775631362453
1281,0.007392137056843043
1282,0.15638107133693882
1283,0.2419728549743031
1284,0.6013279412658599
1285,0.31130583225164776
1286,0.11695772098598575
1287,-0.24451833568547118
1288,-0.6799212537679523
1289,0.03363170149693749
1290,-0.13910244337605926
1291,0.1992547811207434
1292,0.3271422940999966
1293,-0.5182692067753379
1294,-0.09189095896905346
1295,-0.18352201479956787
1296,0.4435575289822292
1297,0.03886072795811271
1298,0.14230169446580734
1299,0.15850922331273545
1300,0.21855702940786326
1301,0.08070558896820326
1302,-0.7861959246900693
1303,0.051161308922391936
1304,0.8827562589569442
1305,-0.13726041193726474
1306,-0.06606436567843828
1307,0.1671046966769643
1308,-0.9403718548004586
1309,-0.7960464597839888
1310,0.5322007663368838
1311,0.482355618839937
1312,0.1526641129765724
1313,0.48470190472171315
1314,-0.22795555275571575
1315,-0.5328655143717804
1316,0.271497586270107
1317,0.43643925536391365
1318,-0.3354044817486411
1319,-0.3272175311758026
1320,-0.3939166257265206
1321,0.6099567421186309
1322,-0.14489400865307597
1323,0.7746489415714949
1324,-1.104168349458366
1325,0.7475242769983776
1326,-0.14515566239308036
1327,-0.21277113359436053
1328,-0.09908508876111907
1329,-0.18889371924375137
1330,-0.2684568554693497
1331,-0.00021292503349166093
1332,0.4011499176257978
1333,-0.5716101621440574
1334,0.6942089718658363
1335,-0.24161984821832738
1336,0.4058897326065929
1337,0.48445721916837453
1338,-0.16656927436947028
1339,-0.960191620007151
1340,-0.5017474105712866
1341,-0.27834707102881057
1342,0.5438540584336928
1343,0.7489100595938074
1344,0.5150472182795217
1345,-0.3591193130186733
1346,-0.812549552431401
1347,-0.12037757123583159
1348,-0.3719478505710029
1349,-0.4388584340226537
1350,-0.18142854753241455
1351,-0.34391033399279086
1352,0.30702385752919853
1353,-0.42438951035842826
1354,-0.2090041755407308
1355,-1.039150355151243
1356,-0.753293320854455
1357,0.1311680825209037
1358,-0.33424084293268475
1359,-0.40770429936884417
1360,-0.6588969506033799
1361,-0.5639706189999311
1362,0.4811956591208901
1363,-0.06695754629119752
1364,0.04927450283105271
1365,1.0141350539978191
1366,-0.20036048020672573
1367,-0.48687587616440653
1368,-0.4326948670126102
1369,-0.2854822344959368
1370,0.9481344976225394
1371,0.27988971666125007
1372,-0.9668426415665413
1373,0.2913071611823017
1374,-0.07090289542439797
1375,0.4196146083234591
1376,-0.9785010824823523
1377,0.13991159148722068
1378,-0.3972155684240072
1379,-0.6919418031877844
1380,-0.3942954729286278
1381,0.8290667710501637
1382,-0.07023903768028932
1383,0.22406163292603246
1384,-0.6184220643582824
1385,-0.21354622990700436
1386,0.14572897799636259
1387,0.14998581267650724
1388,0.009959103280486138
1389,-0.3248676911921827
1390,0.7190987737121748
1391,0.603831318189623
1392,-0.11515289670222914
1393,-0.20236324895169802
1394,0.34186564773322536
1395,0.24100555314834854
1396,-0.7133113828136248
1397,0.37476473598959703
1398,-0.2765950830782391
1399,-0.22424612306583266
1400,-0.33042760638345203
1401,0.19766730979076774
1402,0.31944317080162066
1403,-0.18685858981514702
1404,-0.2270533427673882
1405,-0.11772079361365617
1406,-0.30611754460781787
1407,0.7376720584940432
1408,-0.2502261304011943
1409,-0.8166328286739956
1410,0.40455236829137287
1411,0.0074632632666250635
1412,-0.7414211469516041
1413,-0.16794317735110906
1414,0.09679148212387702
1415,0.28948551852553195
1416,0.01588185137843179
1417,0.1270271556228947
1418,0.14739045815921062
1419,-0.8159782980369027
1420,0.44075844195457237
1421,-0.8803920033241198
1422,1.0584222121952915
1423,0.6655152612309685
1424,-0.49858217241474284
1425,-0.4260999388982303
1426,0.08419019455366807
1427,-0.6730262547157371
1428,0.12968699188073415
1429,-0.26161063505875254
1430,-0.15226500024673445
1431,0.009445135221192863
1432,0.7911333318873603
1433,0.3108056860079308
1434,0.636275701360109
1435,0.7244569357017289
1436,0.2423149843480184
1437,0.5088352064591828
1438,0.8126467111929563
1439,-0.05171954443863981
1440,-0.5357540353109413
1441,0.46059630121803347
1442,0.5089787399924431
1443,0.09270112140817958
1444,-0.3631286389971311
1445,0.7906652118624476
1446,0.05381744965829461
1447,-0.4537035257802848
1448,-0.4418780104512289
1449,0.5343278209059528
1450,-0.22981632910197772
1451,0.35266887444474726
1452,-0.26123875750433945
1453,-0.26629250889917777
1454,-0.44415979034077513
1455,-0.008261791374335392
1456,-0.6401194022766011
1457,-1.0242465021197449
1458,1.0113424818596957
1459,-0.044641760219151616
1460,0.7482964545641353
1461,-0.46191486585138763
1462,-0.8799873758078305
1463,-0.5110329793689481
1464,0.35187159663244744
1465,0.34504836083879775
1466,-0.3279900491132352
1467,0.37910523033367693
1468,-0.19179026227118515
1469,0.3006949683040023
1470,-0.29009913521986486
1471,0.3157497154825751
1472,0.26730574261610407
1473,0.3790010278319137
1474,-0.10311389451996433
1475,0.5067146938951285
1476,0.9201180710090557
1477,-0.34178986752725804
1478,0.1237774838194797
1479,-0.5009821567973226
1480,0.2707621469643
1481,-0.19748798901819473
1482,1.2665062030168426
1483,0.6709362167018229
1484,0.9944016863594255
1485,-0.29079810124660127
1486,0.268559220806605
1487,0.46774771999518905
1488,1.259435338921903
1489,-0.06205254749373332
1490,-0.12382221048104887
1491,0.04538205971484599
1492,-0.056355720596461614
1493,-0.25071832546046435
1494,-0.38419747063783566
1495,-0.6473560563365985
1496,-1.2548115737078653
1497,0.3175982987909001
1498,0.7599457615633786
1499,0.5067987526445625
1500,0.21334174025013594
1501,0.29833426212078407
1502,-0.34330296221345713
1503,-0.942967853046234
1504,-0.5186245834919426
1505,0.2636637043022811
1506,0.7668180843845027
1507,-0.7188184024076899
1508,0.21357553593491532
1509,-0.3761630631469925
1510,-0.5020035780033705
1511,-0.39268598546342726
1512,-0.27036904346910956
1513,-0.3529082189436944
1514,0.35224420614483387
1515,0.12924065062629364
1516,0.7695621127020522
1517,-0.053514119524351575
1518,-1.037307885436307
1519,0.6469168666537147
1520,-0.5503438244025682
1521,-0.35419501604223985
1522,0.18995985199254747
1523,0.0768770287152314
1524,0.2777887301065049
1525,0.10643217552688584
1526,-0.16871193592053166
1527,-0.4159438096468208
1528,0.269514924939306
1529,0.20743901314772442
1530,-0.07006531017176437
1531,-0.4381156654397547
1532,-0.1136869264586678
1533,-0.8003106623885052
1534,0.053268527601624614
1535,-0.42614075871468365
1536,-1.014736564806432
1537,-1.042837233860488
1538,-0.21450850793604762
1539,-0.09273371895422766
1540,0.5908753878442186
1541,-0.18177651409786386
1542,0.5503934200649695
1543,0.15555514549223762
1544,-1.0889658672814164
1545,0.1527410143422517
1546,-0.609272044054137
1547,-0.8961266329876492
1548,-0.4915618619080451
1549,-1.184256644548177
1550,0.7854010876449331
1551,-0.2986771196390227
1552,-0.09733873065472745
1553,0.022421076377265852
1554,0.9629391561003913
1555,-0.1630824949545893
1556,-0.29775303049279156
1557,0.15892084684687097
1558,0.23398890172254494
1559,0.7849591380071765
1560,-0.4322818311406186
1561,0.12423610658905813
1562,0.1359483051047102
1563,0.37233767766068737
1564,-0.679720335907436
1565,0.24029571489016907
1566,0.3860964982117421
1567,-0.09179461529923907
1568,-0.05212954642345247
1569,0.5438271090715683
1570,0.417770642613003
1571,-0.12487588585957268
1572,-0.3174301594007564
1573,-0.9455118206174181
1574,0.33966148047532907
1575,0.8372548514670388
1576,1.0345937410656254
1577,-0.003526750463008479
1578,-1.2322169228902626
1579,-0.8106169507945685
1580,0.1867955116867294
1581,-0.062102769554231635
1582,0.5938463657948315
1583,-0.06988145663478156
1584,0.5866899456672673
1585,0.47790430566192893
1586,-0.06013200953160843
1587,-1.5514038846006564
1588,-0.4458286138310598
1589,-0.16573588840932205
1590,-0.40943962168810943
1591,0.3318588032882125
1592,-0.6298874975544815
1593,-0.11556849139703065
1594,0.5788898930766578
1595,0.20562283585993288
1596,-0.4758899226469492
1597,-0.2725319276018078
1598,-0.1543665361155353
1599,0.4188674442673534
1600,0.8445903540064266
1601,0.07506777776710102
1602,-0.05234776286050151
1603,-0.6945337416228562
1604,0.11131719449169294
1605,-0.2158563462450702
1606,-0.715545805942608
1607,-0.2850458167041821
1608,-0.2568203395560469
1609,1.010046928374614
1610,0.1787509171455481
1611,-0.15941066653366426
1612,0.3152476801737618
1613,-0.006226906824499789
1614,-0.167704796817979
1615,0.260640996637527
1616,0.9712011174902344
1617,-0.0948634202119214
1618,-0.23772655334153722
1619,0.40713767888933694
1620,-0.38144892939544983
1621,-0.9313749261061078
1622,0.24662229088136442
1623,-0.6592265392910756
1624,0.5729838812280893
1625,0.3555267964774291
1626,0.35547579014031483
1627,-0.7006463261100299
1628,-0.03820796469216988
1629,-0.5846928782496421
1630,-0.45779701017730495
1631,0.2880144767664108
1632,-0.5555957018659455
1633,0.15663802214588843
1634,-0.02460461412860942
1635,0.22498110824812093
1636,0.20902625153746313
1637,-0.34933601047001706
1638,-0.22093282399051636
1639,0.17933997200192683
1640,0.2786417233082471
1641,-0.108005263538992
1642,0.6991828290655989
1643,-0.27498416960778194
1644,-0.7678937155183891
1645,0.6922750053060913
1646,-0.5682093697722556
1647,-0.1596698702885445
1648,-0.1941937570597045
1649,-0.1309045193794915
1650,-0.6841872745301005
1651,0.9698976880587086
1652,0.10010999303789365
1653,-0.17618320954651395
1654,-0.5314646759224849
1655,-0.6280060488283055
1656,0.41066771107053085
1657,0.12000471060568452
1658,-0.07907287592709576
1659,-1.1406193633183193
1660,-0.12598480688307606
1661,0.0727754988502461
1662,0.026408782844672428
1663,0.2972408456271757
1664,0.13317283551013478
1665,0.046108919550251135
1666,-0.4098279881210377
1667,-0.21096155936182484
1668,-0.17802767438805703
1669,0.15311988261731158
1670,0.4659865813278564
1671,-0.15802712058629514
1672,0.17808140998218216
1673,-0.1659449816139136
1674,0.6444959260041047
1675,0.7423748111177424
1676,-0.4054069609753309
1677,-1.0159302238755616
1678,-1.4592629974669706
1679,0.9550660664376245
1680,0.945084465997745
1681,0.3662304091990673
1682,-0.0648307750244888
1683,-0.15465999655229015
1684,-1.1429345519313523
1685,-0.840190317759849
1686,0.5168095536100346
1687,0.49106479275951853
1688,0.14632457869490337
1689,0.650222639268597
1690,1.1105982215157926
1691,-0.3586434931796519
1692,0.2792814484233133
1693,0.09181952100721903
1694,0.3429312674176176
1695,-0.32701510374206183
1696,-0.4053982732523124
1697,-0.108964239302481
1698,-0.275180759740121
1699,0.4134592545428173
1700,0.6650473217218897
1701,0.4704222594932605
1702,0.1790981475980524
1703,0.29353693708570927
1704,0.23240184197664382
1705,0.1193261772786434
1706,-0.13544768983287975
1707,-0.2259768652591094
1708,-0.678149759285059
1709,0.5491444343469538
1710,-0.9558532062629258
1711,0.054025088424223676
1712,0.4462513555085994
1713,0.06875145061921789
1714,0.37620077496872817
1715,-0.6718037005615533
1716,-0.009371049745754124
1717,0.31754901269830577
1718,-0.13523744530093845
1719,0.5948225271334711
1720,1.34020672225714
1721,0.7476260058992698
1722,-0.5906236847198212
1723,-0.006425826767624564
1724,-0.6180330857898562
1725,0.5097228314618122
1726,0.506479913705169
1727,0.008433356995839176
1728,0.7083869050429689
1729,-1.3511091783722786
1730,0.4889565887478078
1731,0.07195124184994525
1732,0.2935083910425535
1733,0.2204991201968453
1734,0.40485644815686134
1735,0.4601529967475041
1736,0.07797864901154086
1737,-0.23765741745022337
1738,-0.4490627340774506
1739,-0.24866876925159262
1740,-0.9181800329522372
1741,-0.08910539342591675
1742,-0.357651069231584
1743,0.3448617549706906
1744,-0.019893002149630166
1745,-0.6849102680806775
1746,-0.5999379396790165
1747,0.0925537123223923
1748,-0.8042211112676492
1749,-0.16825272388994814
1750,-0.9340736569392389
1751,-0.0006050578104332526
1752,-0.6543582612488401
1753,-0.4839961060337079
1754,-0.2810426624752943
1755,0.09507878991934673
1756,0.5938949104003229
1757,0.830152586274878
1758,0.17089882941088003
1759,-0.7950553895121839
1760,-0.2872734701941089
1761,-0.9042240680708329
1762,0.0007372745821522851
1763,-0.5623317978345809
1764,0.1036269651887273
1765,0.14477209578159578
1766,0.05841047097415959
1767,-0.5980951886766713
1768,-0.5004796204710962
1769,0.25414908880497566
1770,0.011583049349072934
1771,0.8892106497987683
1772,0.7126144966823241
1773,0.5104897985436966
1774,-0.06803154070206169
1775,-0.9868816022192115
1776,-1.2949022643069361
1777,-0.31768975841638075
1778,0.07691624603505705
1779,0.14524951320144158
1780,-0.3288598400266226
1781,0.11028984641719192
1782,0.3069581599899734
1783,0.46606629062933663
1784,0.9470082056487288
1785,0.012442250032700932
1786,-0.15907295074959069
1787,-0.5718696533524746
1788,0.6175999469692919
1789,0.3832440637782048
1790,-0.5156268361638945
1791,-0.6131013825694785
1792,-1.0280926397618104
1793,0.10258616806473525
1794,-0.7823128443922455
1795,-0.5078666305059035
1796,0.010156355365977577
1797,0.617926220778411
1798,0.16615153938209143
1799,-0.2891214648439985
1800,0.7082308465605561
1801,-0.6970915844802316
1802,-0.38394344943021985
1803,-0.8552861956910078
1804,0.18113990049063247
1805,0.5288797606576222
1806,-0.5890451725423788
1807,-0.38505231935238987
1808,-0.31598245953463394
1809,0.08660984503731345
1810,0.5701533501608663
1811,0.04877593406026095
1812,-0.13795195002795607
1813,0.026610820794480863
1814,-0.25531088236714705
1815,0.03692659437800149
1816,-1.2923194520972663
1817,0.6402709220688444
1818,0.32615751968802614
1819,-0.6711226775856665
1820,-0.34134978306305636
1821,-0.24780250960844932
1822,0.0857779406200937
1823,0.2953918456117382
1824,0.2508840139796938
1825,-0.7161621389652076
1826,-0.7433003263786683
1827,0.07474735590876298
1828,-0.8208651691284268
1829,0.626880735005584
1830,0.427057038540898
1831,0.017379268831483247
1832,-0.6592824142183766
1833,-0.25826564775566785
1834,0.17167749647990735
1835,0.15538216716540834
1836,-0.23418516906144612
1837,0.10978633314257866
1838,1.0206423232838506
1839,0.12960929658548603
1840,0.0013922586192591008
1841,0.8232115780758384
1842,0.34011641883165833
1843,-0.8070848342719694
1844,0.5284853239376494
1845,0.4718245014663102
1846,-0.2477436471647315
1847,-0.6205430159586436
1848,0.18632557515344433
1849,-0.07063187834685265
1850,0.2765767148485281
1851,-0.22140662987988016
1852,0.4166072363796648
1853,-0.03463723154925317
1854,-0.1980164591457617
1855,-0.05316998965680797
1856,-0.21460582935554712
1857,-0.4052000606634603
1858,-0.10836049535469554
1859,0.19645337007000974
1860,-0.4854441483973601
1861,-0.49124397834358274
1862,-0.3997561367915633
1863,-0.07184921230660163
1864,-0.04881544455328113
1865,0.28253518699162433
1866,0.3179945420643841
1867,-0.4125277782060467
1868,1.221440145341318
1869,0.07853607079198356
1870,0.6240726904283708
1871,0.38458062889264477
1872,-0.0758496545556608
1873,0.7714768943384404
1874,-0.3524595250139935
1875,0.34592699089400974
1876,-0.4996898983129258
1877,-0.01570652983679624
1878,-0.5679405206720226
1879,-0.22051827605337032
1880,0.662666502094749
1881,-0.19098683656658225
1882,0.5375956871848245
1883,-0.04098876384716986
1884,1.109452330032599
1885,0.7641657209525583
1886,-0.2747687415685218
1887,-0.37121743980082295
1888,-0.5708078143158342
1889,0.7107682540852553
1890,-0.956502768520791
1891,0.707063784628413
1892,-0.8901052883683236
1893,-0.6859294802180254
1894,0.5358879384599309
1895,-0.4688367196849394
1896,-0.34194790739157077
1897,0.10484489267663097
1898,0.37522543745048154
1899,0.5934081504789657
1900,1.2244456611310461
1901,0.5854907051547337
1902,-0.6007608728081874
1903,-0.8297653740138445
1904,-0.3029338815847258
1905,0.3172126466347223
1906,0.22485601905477132
1907,0.10049173079853707
1908,-0.056667502746716204
1909,-0.44121909381892666
1910,0.24357262664537327
1911,-0.05335675091283619
1912,-0.14789687365207801
1913,0.2978515203513848
1914,1.1643963153329173
1915,0.4731767233234815
1916,-0.28992142177830704
1917,0.3843577751747772
1918,0.19825120354665016
1919,0.0331513415491205
1920,0.08061304443524292
1921,-0.23091150693203716
1922,-0.11847840612833829
1923,1.1460410157871497
1924,0.24375454854016843
1925,0.2453532894705884
1926,-0.4865633878291002
1927,0.43173864325771455
1928,0.3736491101690955
1929,0.22976279466997654
1930,-0.1114731992386901
1931,0.5531596744067597
1932,-0.2972224831244321
1933,-0.2738984212422147
1934,0.048686269248792456
1935,-0.15825551212385253
1936,0.09170970086630449
1937,-0.1659376828916842
1938,-0.0401165280220312
1939,0.18788603844727264
1940,0.42831058887584816
1941,-1.0979313380026336
1942,-0.1829999083282936
1943,0.955497036330952
1944,-0.5231329203709197
1945,-0.42676944279035584
1946,-0.14719188855797036
1947,0.6124461927870263
1948,-0.3276995676638742
1949,0.28218534850500837
1950,-0.4862194229866618
1951,-0.6090670260703519
1952,-0.25418495709394817
1953,-0.15065895424051365
1954,-0.8012494081865719
1955,0.36254879327988165
1956,0.12846660481877656
1957,0.3358569052679307
1958,0.07892132764336063
1959,-0.9209792894334268
1960,0.37368723136703097
1961,0.7479785368453133
1962,0.48648803556231185
1963,-0.25988886207125445
1964,-0.5476702662782343
1965,0.1855614285029795
1966,0.31520930272277553
1967,-0.4593257644343068
1968,-0.24907496238349333
1969,0.9035804742132509
1970,0.6061849266803028
1971,0.25316760558668433
1972,-0.9538190354584246
1973,0.13322846492597495
1974,-0.9296410381610086
1975,0.5344200157118169
1976,-0.45007526117945107
1977,0.2901951976780845
1978,-0.225889988784337
1979,-0.8691689653853436
1980,1.041308352712162
1981,-0.2198291261418751
1982,-0.09341770859083366
1983,-1.2549866950681219
1984,0.2608842360509481
1985,0.19903726484290027
1986,-0.01598291986575631
1987,-0.6496888340138351
1988,0.5003988046850425
1989,-0.5409697817705159
1990,0.19485113617554642
1991,-0.45525481502925436
1992,-0.004131946848284127
1993,-0.2099052317750949
1994,-0.5370407379177862
1995,-0.5447198095515741
1996,0.664536099905853
1997,-0.6206384031585432
1998,-0.6308228665549932
1999,0.6912548402179801
2000,0.40366261772732115
2001,-0.26497623056134356
2002,-0.07619689258653607
2003,0.14561126295753965
2004,-0.14229139144981068
2005,-0.5074190402467526
2006,0.07170705888373685
2007,0.3313231323444645
2008,-0.42888546575907915
2009,0.030892111659690327
2010,-0.38901405236040926
2011,0.14551998282032744
2012,-0.5268557042837024
2013,-0.05241912044318142
2014,-0.36118321196761616
2015,-0.30912590936671847
2016,-0.2555093249790618
2017,0.5547294580142181
2018,-0.27407005069607
2019,0.13704302194031232
2020,-0.04317759660980783
2021,0.3789740035292597
2022,0.19957120888968644
2023,-0.6095838717533317
2024,0.4509523378929657
2025,-0.05045578059095965
2026,-0.8784808939813101
2027,1.360969866874161
2028,-0.22304664527483406
2029,0.32491499864878937
2030,-0.48131717367844035
2031,-0.526103876075191
2032,-0.27060360563622293
2033,0.7143019513507389
2034,-0.389021404204343
2035,-0.08099521357174921
2036,0.06065918699747724
2037,-0.3852460237400792
2038,-0.03246703377556419
2039,-0.19955791870580106
2040,-0.4827823433074166
2041,0.09012525545057648
2042,-1.1222875447256095
2043,0.029176402128155702
2044,-0.4065514154304631
2045,-0.5174590662513107
2046,0.43524570935438184
2047,-0.2692556473996299
2048,-1.0358358784561124
2049,-0.7914121956174741
2050,-0.925629780583039
2051,0.7189884391449988
2052,-0.18198031620085453
2053,-0.3108373971705147
2054,-0.2997834674991261
2055,-0.36029328499002444
2056,0.25740780548881265
2057,0.3093838233837478
2058,1.0498222899546026
2059,-0.8699852715734253
2060,-0.10325876512969895
2061,-1.1177957135355159
2062,-0.42127383937818724
2063,0.1654441762764193
2064,0.12324235030927916
2065,-0.37679148642232785
2066,0.3348087388379507
2067,-0.757633295173151
2068,-0.9268766050274985
2069,-0.6214514933560709
2070,0.24812099831833812
2071,0.41975535391610197
2072,-0.21058272275622783
2073,0.3278482292815373
2074,0.36415132304487435
2075,0.09801614877025216
2076,0.23113427540274517
2077,0.5862218949660951
2078,-0.8422902598941473
2079,-0.02880135749582549
2080,-0.2963832098521697
2081,0.25161409172664034
2082,0.34357081664354205
2083,-0.47597339953487683
2084,-0.4163819567026846
2085,0.5528150985373077
2086,-0.5111669481834882
2087,0.3046833878174516
2088,-0.09121621163377241
2089,0.7357094939201549
2090,0.25130746434597406
2091,0.15059766589470489
2092,0.061050963972448385
2093,0.3883435771980237
2094,-0.8412027846113155
2095,-0.18968247799420745
2096,-0.0746966144580122
2097,-0.25883792829997815
2098,-0.7935935223130939
2099,0.10689398634524205
2100,-0.6979952313341286
2101,1.4833348358854335
2102,1.3119006767136192
2103,0.2911487258784063
2104,0.08308145834504282
2105,0.44586459977788034
2106,0.4449638070142733
2107,-0.618532448733023
2108,0.40232797113021107
2109,0.12171764541499845
2110,0.652345540000132
2111,0.15974856046912775
2112,0.17332000054929145
2113,-0.3828879596238683
2114,0.01607975148450462
2115,-0.115558006792871
2116,0.7414803340302365
2117,0.21007730399955882
2118,-0.3462130855459409
2119,0.00629686542798044
2120,0.28695383490717785
2121,0.24293706631918371
2122,-0.4450042714044009
2123,-0.36031872207526583
2124,-0.15882097577255141
2125,-0.39617693022142675
2126,0.5210684894893318
2127,0.2271792765565413
2128,0.3796348718709104
2129,0.5562107356998366
2130,0.07518857016922606
2131,0.6870532749051551
2132,0.2477776906171835
2133,-0.25437640074893964
2134,-0.2662959468506475
2135,-0.333269476377906
2136,0.651158764390549
2137,-0.7568925922574875
2138,-0.4547339431111441
2139,-0.20153513606406157
2140,-1.2266098359333104
2141,0.13413880346127943
2142,-0.757308617910385
2143,-0.0017427452922252461
2144,1.0232625406290135
2145,-0.8536781490644126
2146,-0.4250728335791821
2147,0.38585416942722667
2148,-1.0437267371169139
2149,-0.05564724411355103
2150,-0.5203247313350804
2151,0.7396134921007412
2152,0.6233773761147159
2153,-0.3375721880158984
2154,0.09987759283252276
2155,-0.2687821751989159
2156,-0.7185906024031294
2157,-0.6214706744301847
2158,0.20572149409306514
2159,-0.32816559542388624
2160,0.06780474482112132
2161,-0.035106617005260625
2162,-0.31536891691329444
2163,-0.43799243370094926
2164,-0.5386827513232929
2165,0.2101405528655198
2166,-0.731323891354864
2167,0.29384999372718723
2168,-0.22293835710927382
2169,-0.8890636835436233
2170,-0.792802809007068
2171,0.031836767865691624
2172,-0.25969233937123537
2173,-0.9772786699329079
2174,-0.22607415613299647
2175,-0.08510178963007986
2176,-0.024897376499773236
2177,-0.10824747239103281
2178,-0.4190294192459858
2179,-0.5298325283803721
2180,0.20406407151598632
2181,0.1222942750258738
2182,-0.1121002095478836
2183,0.22005774328644775
2184,-0.011638914871736433
2185,0.4917569392356264
2186,-0.5307741709338706
2187,0.49724589659499113
2188,-0.8735835690623887
2189,-0.08948564616172937
2190,-0.38206883093041755
2191,-0.4468045413818575
2192,-0.6853827899426465
2193,-0.3053265340657803
2194,-0.12353216867735785
2195,0.022842419718440664
2196,-0.4887033074035011
2197,0.24582385531716933
2198,-0.48440957768435194
2199,0.3847669765885627
2200,0.7521701230405179
2201,-0.28345279121418687
2202,-0.586952933149504
2203,-0.430881572667382
2204,0.1632386882159773
2205,0.6796863145221587
2206,0.4544221941995148
2207,-0.20774130380091038
2208,-0.20279440079731637
2209,1.0901705325726223
2210,-0.2096384371251569
2211,0.3834113039045982
2212,-0.2906313373290018
2213,-0.2717530143488479
2214,-0.16806310534452595
2215,-0.2578894298087962
2216,0.6235247902609624
2217,-1.1666675780269675
2218,-0.32673929424595116
2219,0.7104315415231897
2220,-1.3372122428736446
2221,-0.07618058383849596
2222,-0.24350021368887387
2223,-0.22510919939935503
2224,0.04014228296179777
2225,0.18545981968104275
2226,-0.07581545666615166
2227,0.0202907714717685
2228,0.46424276193881003
2229,-0.2980218604493409
2230,0.6293916663566206
2231,-0.023430037555098177
2232,0.5203806182772115
2233,0.6326448405523813
2234,-0.2812505492764946
2235,-0.09170630172068954
2236,-0.5447832996270016
2237,-0.3273480356749513
2238,-0.15419307010762398
2239,-0.6401514152937903
2240,-0.46796230503158404
2241,-0.0832330364354702
2242,0.21432080682723595
2243,-1.0311442835481164
2244,-0.023770981693932457
2245,-1.0480011618020049
2246,-0.21422891897706126
2247,-0.8229390279269667
2248,-0.48598925456145387
2249,0.9353942566374074
2250,-0.11054841278742032
2251,0.834868630462783
2252,1.1454158631424536
2253,0.4911659470174256
2254,0.39840788173492986
2255,0.6957248549908168
2256,0.2855225529636296
2257,-0.9984528448602139
2258,0.07450843078474109
2259,0.18520549236711517
2260,0.2309344689157121
2261,-0.4925143922579705
2262,-0.0063062059229256505
2263,-0.2605908288620688
2264,1.0164496710561222
2265,-0.7208995855254596
2266,0.001360314443207813
2267,-0.135431028682223
2268,-0.14418897761666324
2269,-0.20517635544415858
2270,-0.6332150436329285
2271,-1.035108136232824
2272,0.13817427314290806
2273,0.47903884291069837
2274,0.491597949348387
2275,0.13704391069037203
2276,-0.7653036236295266
2277,0.5210620834146112
2278,0.4591206137586469
2279,0.557006558722055
2280,0.15049371498996333
2281,-1.0631016478992126
2282,-0.2074219257848095
2283,-0.7027382226425025
2284,-0.15005114917339238
2285,0.9379155340572266
2286,0.34419974510776347
2287,-0.037364405009034936
2288,-0.07279066217558844
2289,-0.010696923957330805
2290,0.6890761256566215
2291,-0.190236149328837
2292,0.3795737864756591
2293,-0.3284933135835949
2294,-0.6683164648776633
2295,0.399106973644999
2296,-0.10175300604617456
2297,0.47400445760444543
2298,0.1558176592515947
2299,-0.8102986087892966
2300,-0.3594888641122909
2301,-0.8926725513757188
2302,-0.5689237240098374
2303,-0.02054747912361573
2304,-0.06093176316827731
2305,0.8719840376165355
2306,-0.6714827502373375
2307,0.06638871628747597
2308,-0.4657785382649003
2309,-0.19905574815576335
2310,-0.015718610444660604
2311,0.7451622135818675
2312,-0.06413369309835029
2313,0.26357264176503353
2314,0.22069727518651616
2315,0.07024993917732274
2316,0.19612563006142092
2317,0.6294035824478702
2318,-0.0808278437557779
2319,0.46481690470858633
2320,0.3652966628352444
2321,-0.9537314835632932
2322,-0.20721707051539115
2323,-0.3000075838455273
2324,-0.10587334500872998
2325,0.19177655191081344
2326,-0.12938346251573074
2327,-0.015163095276850941
2328,-0.9475657796208918
2329,0.7972450995091901
2330,-0.16505372318995198
2331,0.707420615908466
2332,-1.302659076484024
2333,-0.012190811745640627
2334,0.24832588000061848
2335,0.39458542627495047
2336,0.15596175631476897
2337,-0.06393442365969942
2338,-0.03928162189773141
2339,-0.19468605276699993
2340,-0.28975823820664204
2341,0.23120361940310913
2342,-0.9457810048968235
2343,0.028615488103720804
2344,0.02805249215222369
2345,0.05797364548878534
2346,-0.7390781492969659
2347,0.8864240646505074
2348,0.3447111856027233
2349,0.4652082409739518
2350,-0.8532389912923598
2351,-0.86041150797659
2352,-0.19506917321890876
2353,0.9745554007608165
2354,-0.9661279257133824
2355,-0.14420064624791137
2356,0.19952483229269682
2357,0.356122619479308
2358,-0.3538851755116714
2359,0.2916556193930036
2360,0.38787886669363864
